hanja,meaning,reading,source
佳,아름다울,가,material
街,거리,가,material
假,거짓,가,material;textbook
暇,틈,가,material
價(价),값,가,material;textbook
可,옳을,가,material;textbook
歌,노래,가,material;textbook
加,더할,가,material;textbook
架,시렁,가,material
家,집,가,material;textbook
各,각각,각,material;textbook
閣(阁),집,각,material
卻(却),물리칠,각,material
腳(脚),다리,각,material
角,뿔,각,material
覺(觉),깨달을,각,material
刻,새길,각,material;textbook
看,볼,간,material;textbook
間(间),사이,간,material;textbook
簡(简),대쪽,간,material
幹(干),방패,간,material;textbook
刊,새길,간,material
肝,간,간,material
姦(奸),간사할,간,material
懇(恳),정성,간,material
渴,목마를,갈,material
甘,달,감,material;textbook
感,느낄,감,material;textbook
減(减),덜,감,material
敢,감히,감,material
監(监),볼,감,material
鑑(鉴),거울,감,material
甲,갑옷,갑,material;textbook
江,강,강,material;textbook
強(强),강할,강,material;textbook
剛(刚),굳셀,강,material
綱(纲),벼리,강,material
鋼(钢),강철,강,material
康,편안할,강,material;textbook
講(讲),욀,강,material
降,내릴,강,material;textbook
改,고칠,개,material
個(个),낱,개,material;textbook
皆,다,개,material
介,낄,개,material;textbook
開(开),열,개,material;textbook
慨,슬퍼할,개,material
槪,대개,개,material
蓋(盖),덮을,개,material
客,손,객,material
更,다시,갱,material;textbook
去,갈,거,material;textbook
車(车),수레,거,material;textbook
居,살,거,material
巨,클,거,material
拒,막을,거,material
距,떨어질,거,material
擧,들,거,material
據(据),근거,거,material
件,사건,건,material
乾(干),하늘,건,material
建,세울,건,material
健,굳셀,건,material;textbook
乞,빌,걸,material
傑(杰),뛰어날,걸,material;textbook
儉(俭),검소할,검,material
檢(检),검사할,검,material
劍(剑),칼,검,material
格,격식,격,material
激,격할,격,material
擊(击),칠,격,material
隔,사이뜰,격,material
犬,개,견,material
見(见),볼,견,material;textbook
堅(坚),굳을,견,material
絹(绢),비단,견,material
肩,어깨,견,material
牽(牵),이끌,견,material
遣,보낼,견,material
結(结),맺을,결,material;textbook
潔(洁),깨끗할,결,material
決(决),터질,결,material
缺,이지러질,결,material
兼,겸할,겸,material
謙(谦),겸손할,겸,material
京,서울,경,material
景,볕,경,material
輕(轻),가벼울,경,material
經(经),글,경,material;textbook
徑(径),지름길,경,material
敬,공경,경,material
警,깨우칠,경,material
驚(惊),놀랄,경,material
竟,마침내,경,material
境,지경,경,material
鏡(镜),거울,경,material
競(竞),다툴,경,material
頃(顷),이랑,경,material
傾(倾),기울,경,material;textbook
耕,밭갈,경,material;textbook
庚,천간,경,material;textbook
慶(庆),경사,경,material
硬,굳을,경,material;textbook
卿,벼슬,경,material
計(计),셀,계,material;textbook
界,지경,계,material
系,이을,계,material;textbook
係(系),이을,계,material
繼(继),이을,계,material
繫(系),맬,계,material
溪,시내,계,material
鷄(鸡),닭,계,material
戒,경계할,계,material
械,기계,계,material
桂,계수나무,계,material
契,맺을,계,material
季,끝,계,material;textbook
階(阶),섬돌,계,material
癸,천간,계,material;textbook
啓(启),열,계,material
古,예,고,material;textbook
苦,쓸,고,material;textbook
固,굳을,고,material
故,연고,고,material;textbook
姑,시어미,고,material
枯,오랠,고,material
告,알릴,고,material;textbook
高,높을,고,material;textbook
稿,원고,고,material
鼓,북,고,material
庫(库),곳집,고,material
顧(顾),돌아볼,고,material
孤,외로울,고,material
考,생각할,고,material;textbook
曲,굽을,곡,material
谷,골,곡,material;textbook
哭,울,곡,material
穀(谷),곡식,곡,material
困,곤할,곤,material
坤,땅,곤,material
骨,뼈,골,material;textbook
工,장인,공,material;textbook
功,공,공,material;textbook
空,빌,공,material
攻,칠,공,material;textbook
恐,두려울,공,material
貢(贡),바칠,공,material
共,한가지,공,material
供,이바지할,공,material
恭,공손할,공,material;textbook
公,공평할,공,material;textbook
孔,구멍,공,material
果,실과,과,material;textbook
課(课),과정,과,material;textbook
科,과목,과,material;textbook
過(过),지날,과,material;textbook
誇(夸),자랑할,과,material
寡,적을,과,material
郭,성곽,곽,material
官,벼슬,관,material;textbook
管,대롱,관,material
館(馆),집,관,material
貫(贯),꿸,관,material
慣(惯),익숙할,관,material
寬(宽),너그러울,관,material
冠,갓,관,material
觀(观),볼,관,material;textbook
關(关),빗장,광,material;textbook
光,빛,광,material;textbook
狂,미칠,광,material;textbook
廣(广),넓을,광,material;textbook
鑛,쇳돌,광,material
掛(挂),걸,괘,material
塊(块),흙덩이,괴,material
愧,부끄러울,괴,material
壞(坏),무너질,괴,material
怪,기이할,괴,material
橋(桥),다리,교,material
矯(矫),바로잡을,교,material
交,사귈,교,material
校,학교,교,material;textbook
較(较),견줄,교,material;textbook
郊,들,교,material
敎(教),가르칠,교,material
巧,교묘할,교,material
口,입,구,material;textbook
句,글귀,구,material
拘,잡을,구,material
狗,개,구,material
苟,구차할,구,material
區(区),지경,구,material;textbook
驅(驱),몰,구,material
九,아홉,구,material;textbook
究,연구할,구,material
具,갖출,구,material
俱,함께,구,material
求,구할,구,material;textbook
救,구원할,구,material
球,공,구,material
龜(龟),땅이름,구,material
久,오랠,구,material;textbook
丘,언덕,구,material;textbook
舊(旧),예,구,material
懼(惧),두려워할,구,material
構(构),얽을,구,material
國(国),나라,국,material;textbook
局,판,국,material;textbook
菊,국화,국,material
軍(军),군사,군,material
君,임금,군,material;textbook
郡,고을,군,material
羣(群),무리,군,material
屈,굽힐,굴,material
弓,활,궁,material
宮(宫),집,궁,material
窮(穷),다할,궁,material
券,문서,권,material;textbook
卷,책,권,material;textbook
拳,주먹,권,material
權(权),권세,권,material;textbook
勸(劝),권할,권,material
厥,그,궐,material
軌(轨),바큇자국,궤,material
鬼,귀신,귀,material
貴(贵),귀할,귀,material;textbook
歸(归),돌아갈,귀,material;textbook
規(规),법,규,material
叫,부르짖을,규,material;textbook
糾(纠),얽힐,규,material
均,고를,균,material
菌,버섯,균,material
克,이길,극,material;textbook
極(极),다할,극,material;textbook
劇(剧),연극,극,material
斤,도끼,근,material
近,가까울,근,material
勤,부지런할,근,material
僅(仅),겨우,근,material
謹(谨),삼갈,근,material
根,뿌리,근,material;textbook
金,쇠,금,material;textbook
錦(锦),비단,금,material
今,이제,금,material
琴,거문고,금,material
禁,금할,금,material
禽,새,금,material
及,미칠,급,material;textbook
級(级),등급,급,material
給(给),줄,급,material;textbook
急,급할,급,material
肯,즐길,긍,material
己,몸,기,material;textbook
記(记),기록할,기,material;textbook
起,일어날,기,material;textbook
忌,꺼릴,기,material;textbook
紀(纪),벼리,기,material;textbook
企,꾀할,기,material
氣(气),기운,기,material;textbook
器,그릇,기,material;textbook
其,그,기,material;textbook
基,터,기,material;textbook
期,기약,기,material;textbook
欺,속일,기,material
旗,기,기,material
幾(几),몇,기,material
機(机),틀,기,material
畿,경기,기,material
飢(饥),주릴,기,material
奇,기이할,기,material
寄,부칠,기,material
騎(骑),말탈,기,material
技,재주,기,material
祈,빌,기,material
旣(既),이미,기,material
豈(岂),어찌,기,material;textbook
棄(弃),버릴,기,material
緊(紧),긴할,긴,material
吉,길할,길,material;textbook
那,어찌,나,material
諾(诺),허락할,낙,material
難(难),어려울,난,material;textbook
暖,따뜻할,난,material
男,사내,남,material;textbook
南,남녘,남,material;textbook
納(纳),들일,납,material
娘,계집,낭,material
內(内),안,내,material;textbook
乃,이에,내,material
奈,어찌,내,material
耐,견딜,내,material
女,계집,녀,material;textbook
年,해,년,material
念,생각,념,material
寧(宁),편안,녕,material
奴,종,노,material
努,힘쓸,노,material
怒,성낼,노,material
農(农),농사,농,material
腦(脑),골,뇌,material
惱(恼),번뇌할,뇌,material
能,능할,능,material;textbook
泥,진흙,니,material
多,많을,다,material;textbook
茶,차,다,material;textbook
短,짧을,단,material;textbook
丹,붉을,단,material
旦,아침,단,material;textbook
但,다만,단,material;textbook
壇(坛),단,단,material
檀,박달나무,단,material
單(单),홑,단,material
段,층계,단,material
斷(断),끊을,단,material
端,끝,단,material;textbook
團(团),모일,단,material;textbook
達(达),통달할,달,material
談(谈),말씀,담,material;textbook
淡,맑을,담,material
擔(担),멜,담,material
答,대답,답,material;textbook
畓,논,답,material
踏,밟을,답,material
堂,집,당,material
當(当),마땅,당,material;textbook
黨(党),무리,당,material;textbook
唐,당나라,당,material
糖,엿,당,material
大,큰,대,material;textbook
帶(带),띠,대,material
代,대신,대,material
貸(贷),빌릴,대,material
待,기다릴,대,material;textbook
對(对),대할,대,material;textbook
隊(队),무리,대,material;textbook
臺(台),대,대,material;textbook
德,덕,덕,material;textbook
刀,칼,도,material;textbook
到,이를,도,material;textbook
倒,넘어질,도,material;textbook
圖(图),그림,도,material;textbook
道,길,도,material;textbook
導(导),이끌,도,material;textbook
途,길,도,material
塗(涂),진흙,도,material
逃,도망할,도,material
挑,휠,도,material
桃,복숭아,도,material
跳,뛸,도,material
島(岛),섬,도,material;textbook
度,법도,도,material;textbook
渡,건널,도,material
徒,무리,도,material
都,도읍,도,material
陶,질그릇,도,material
盜(盗),도둑,도,material
稻,벼,도,material
獨(独),홀로,독,material;textbook
讀(读),읽을,독,material;textbook
督,감독할,독,material
毒,독,독,material
篤(笃),도타울,독,material
敦,도타울,돈,material
豚,돼지,돈,material
突,갑자기,돌,material
同,같을,동,material;textbook
洞,골,동,material;textbook
銅(铜),구리,동,material
東(东),동녘,동,material;textbook
凍(冻),얼,동,material
冬,겨울,동,material;textbook
童,아이,동,material
動(动),움직일,동,material;textbook
鬥(斗),말,두,material
豆,콩,두,material;textbook
頭(头),머리,두,material
屯,진칠,둔,material
鈍(钝),무딜,둔,material
得,얻을,득,material;textbook
等,무리,등,material;textbook
登,오를,등,material;textbook
燈(灯),등불,등,material
騰(腾),오를,등,material
羅(罗),벌릴,라,material
絡(络),이을,락,material
落,떨어질,락,material
樂(乐),즐길,락,material;textbook
卵,알,란,material
蘭(兰),난초,란,material
欄(栏),난간,란,material
亂(乱),어지러울,란,material
覽(览),볼,람,material
濫(滥),넘칠,람,material
浪,물결,랑,material
郞,사내,랑,material
廊,행랑,랑,material
來(来),올,래,material;textbook
冷,찰,랭,material
掠,노략질할,략,material
略,간략할,략,material
兩(两),두,량,material;textbook
良,좋을,량,material
量,헤아릴,량,material;textbook
糧(粮),곡식,량,material
涼(凉),서늘할,량,material
諒(谅),믿을,량,material
梁,들보,량,material
旅,나그네,려,material
慮(虑),생각,려,material
麗(丽),고울,려,material
勵(励),힘쓸,려,material
力,힘,력,material;textbook
歷(历),지날,력,material;textbook
曆(历),책력,력,material
練(练),익힐,련,material;textbook
鍊(炼),단련할,련,material
連(连),이을,련,material;textbook
蓮(莲),연꽃,련,material
戀(恋),그리워할,련,material
憐(怜),불쌍할,련,material
聯(联),잇닿을,련,material
列,벌일,렬,material;textbook
烈,매울,렬,material
裂,찢을,렬,material
劣,못날,렬,material
廉,청렴할,렴,material
獵(猎),사냥,렵,material
令,하여금,령,material
領(领),거느릴,령,material
嶺(岭),고개,령,material
零,떨어질,령,material
靈(灵),신령,령,material
例,법식,례,material
禮(礼),예도,례,material;textbook
隷,종,례,material
老,늙을,로,material
勞(劳),일할,로,material
路,길,로,material;textbook
露,이슬,로,material;textbook
爐(炉),화로,로,material
鹿,사슴,록,material
綠(绿),푸를,록,material
錄(录),기록할,록,material
祿(禄),녹,록,material
論(论),논할,론,material
弄,희롱할,롱,material;textbook
賴(赖),의뢰할,뢰,material
雷,우레,뢰,material
了,마칠,료,material;textbook
料,헤아릴,료,material;textbook
僚,동료,료,material
龍(龙),용,룡,material
淚(泪),눈물,루,material
漏,샐,루,material
累,쌓을,루,material
屢(屡),여러,루,material
樓(楼),다락,루,material
流,흐를,류,material;textbook
柳,버들,류,material
留,머무를,류,material;textbook
類(类),무리,류,material;textbook
六,여섯,륙,material;textbook
陸(陆),뭍,륙,material
倫(伦),인륜,륜,material
輪(轮),바퀴,륜,material
律,법칙,률,material
慄(栗),밤,률,material
率,비율,률,material
隆,높을,륭,material;textbook
陵,언덕,릉,material;textbook
裏(里),마을,리,material;textbook
理,이치,리,material;textbook
利,이로울,리,material;textbook
梨,배나무,리,material
李,오얏,리,material
吏,벼슬아치,리,material
離(离),떠날,리,material
履,밟을,리,material
隣,이웃,린,material
林,수풀,림,material;textbook
臨(临),임할,림,material
立,설,립,material;textbook
馬(马),말,마,material;textbook
麻,삼,마,material
磨,갈,마,material
莫,없을,막,material;textbook
漠,넓을,막,material
幕,장막,막,material;textbook
萬(万),일만,만,material
滿(满),찰,만,material;textbook
漫,넓을,만,material
慢,게으를,만,material
晩,늦을,만,material;textbook
末,끝,말,material;textbook
亡,망할,망,material
忙,바쁠,망,material
忘,잊을,망,material
妄,망령될,망,material
茫,아득할,망,material
望,바랄,망,material;textbook
罔,없을,망,material
每,매양,매,material;textbook
梅,매화,매,material
妹,누이,매,material;textbook
媒,중매,매,material
埋,묻을,매,material
買(买),살,매,material
賣(卖),팔,매,material
麥(麦),보리,맥,material
脈(脉),줄기,맥,material
孟,맏,맹,material
猛,사나울,맹,material
盟,맹세,맹,material;textbook
盲,눈멀,맹,material
眠,잠잘,면,material
面,낯,면,material;textbook
免,면할,면,material
勉,힘쓸,면,material
綿(绵),솜,면,material
滅(灭),꺼질,멸,material
名,이름,명,material;textbook
銘(铭),새길,명,material;textbook
命,목숨,명,material;textbook
明,밝을,명,material;textbook
冥,어두울,명,material
鳴(鸣),울,명,material;textbook
母,어미,모,material;textbook
侮,업신여길,모,material
冒,무릅쓸,모,material
毛,털,모,material
貌,모양,모,material
某,아무,모,material
謀(谋),꾀할,모,material
暮,저물,모,material;textbook
募,뽑을,모,material
慕,그리워할,모,material
模,본뜰,모,material
木,나무,목,material;textbook
目,눈,목,material;textbook
睦,화목할,목,material
牧,칠,목,material
沒(没),빠질,몰,material;textbook
夢(梦),꿈,몽,material
蒙,어릴,몽,material
卯,토끼,묘,material;textbook
苗,싹,묘,material
妙,묘할,묘,material;textbook
墓,무덤,묘,material
廟(庙),사당,묘,material
無(无),없을,무,material;textbook
舞,춤출,무,material
霧(雾),안개,무,material
武,호반,무,material;textbook
戊,천간,무,material
茂,무성할,무,material
務(务),힘쓸,무,material
貿(贸),무역할,무,material
墨,먹,묵,material
默,잠잠할,묵,material
門(门),문,문,material;textbook
問(问),물을,문,material;textbook
聞(闻),들을,문,material
文,글월,문,material;textbook
勿,말,물,material;textbook
物,물건,물,material
米,쌀,미,material
迷,미혹할,미,material
未,아닐,미,material;textbook
味,맛,미,material;textbook
美,아름다울,미,material;textbook
眉,눈썹,미,material
尾,꼬리,미,material
微,작을,미,material
民,백성,민,material;textbook
敏,민첩할,민,material
憫(悯),불쌍할,민,material
密,숨길,밀,material
蜜,꿀,밀,material
樸(朴),성,박,material
拍,칠,박,material
泊,배댈,박,material
迫,닥칠,박,material
博,넓을,박,material
薄,엷을,박,material
半,반,반,material;textbook
伴,짝,반,material;textbook
反,돌이킬,반,material;textbook
返,돌아올,반,material
叛,배반할,반,material
飯(饭),밥,반,material
班,나눌,반,material
般,일반,반,material
盤(盘),소반,반,material
發(发),필,발,material;textbook
拔,뺄,발,material
髮(发),터럭,발,material
方,모,방,material;textbook
訪(访),찾을,방,material
防,막을,방,material
妨,방해할,방,material
芳,꽃다울,방,material;textbook
房,방,방,material
放,놓을,방,material;textbook
倣,본뜰,방,material
傍,곁,방,material
邦,나라,방,material
拜,절,배,material;textbook
排,밀칠,배,material
輩(辈),무리,배,material
杯,잔,배,material
倍,곱,배,material
培,북돋을,배,material
配,짝,배,material
背,등,배,material
白,흰,백,material;textbook
伯,맏,백,material;textbook
百,일백,백,material;textbook
番,차례,번,material
飜,번역할,번,material
繁,많을,번,material
煩(烦),번거로울,번,material
伐,칠,벌,material
罰(罚),벌할,벌,material
凡,무릇,범,material
犯,범할,범,material
範(范),법,범,material
法,법,법,material;textbook
壁,벽,벽,material
碧,푸를,벽,material
辯(辩),말씀,변,material
辨,분별할,변,material
變(变),변할,변,material
邊(边),가,변,material
別(别),나눌,별,material;textbook
兵,병사,병,material
竝,나란히,병,material
屛,병풍,병,material
丙,남녘,병,material;textbook
病,병,병,material
步,걸음,보,material
保,지킬,보,material;textbook
報(报),갚을,보,material;textbook
普,넓을,보,material
譜(谱),족보,보,material
補(补),기울,보,material;textbook
寶(宝),보배,보,material;textbook
卜,점,복,material
伏,엎드릴,복,material
福,복,복,material;textbook
服,옷,복,material;textbook
腹,배,복,material
複(复),겹칠,복,material
復(复),다시,부,material;textbook
覆,덮을,복,material
本,근본,본,material;textbook
封,봉할,봉,material
峯(峰),봉우리,봉,material
蜂,벌,봉,material;textbook
逢,만날,봉,material
奉,받들,봉,material
鳳(凤),봉황새,봉,material
父,아비,부,material;textbook
夫,지아비,부,material;textbook
扶,도울,부,material
否,아닐,부,material
付,줄,부,material
附,붙을,부,material
府,관청,부,material
腐,썩을,부,material
符,부호,부,material;textbook
富,부자,부,material;textbook
副,버금,부,material
部,떼,부,material;textbook
赴,갈,부,material
婦(妇),지어미,부,material;textbook
負(负),질,부,material
賦(赋),부세,부,material
浮,뜰,부,material
簿,문서,부,material
北,북녘,북,material;textbook
分,나눌,분,material;textbook
粉,가루,분,material
紛(纷),어지러울,분,material
奔,달릴,분,material
憤(愤),성낼,분,material
墳(坟),무덤,분,material
奮(奋),떨칠,분,material
不,아닐,불,material;textbook
佛,부처,불,material
拂,떨칠,불,material
朋,벗,붕,material;textbook
崩,무너질,붕,material
比,견줄,비,material;textbook
批,비평할,비,material
非,아닐,비,material;textbook
悲,슬플,비,material
飛(飞),날,비,material
祕(秘),숨길,비,material
肥,살찔,비,material
卑,낮을,비,material
碑,비석,비,material
婢,계집종,비,material
妃,왕비,비,material
鼻,코,비,material;textbook
備(备),갖출,비,material
費(费),쓸,비,material
貧(贫),가난할,빈,material
賓(宾),손님,빈,material
頻(频),자주,빈,material
氷,얼음,빙,material
聘,부를,빙,material
士,선비,사,material
仕,벼슬,사,material
社,모일,사,material;textbook
舍,집,사,material;textbook
捨(舍),버릴,사,material
死,죽을,사,material
四,넉,사,material;textbook
思,생각,사,material;textbook
司,맡을,사,material;textbook
詞(词),말,사,material
辭(辞),말씀,사,material
射,쏠,사,material
謝(谢),사례할,사,material;textbook
詐(诈),속일,사,material
事,일,사,material;textbook
史,사기,사,material
使,시킬,사,material;textbook
似,같을,사,material
蛇,긴뱀,사,material
巳,뱀,사,material
祀,제사,사,material
沙,모래,사,material
邪,간사할,사,material
査(查),조사할,사,material
寺,절,사,material;textbook
絲(丝),실,사,material
私,사사로울,사,material;textbook
賜(赐),줄,사,material
寫(写),베낄,사,material
斯,이,사,material
師(师),스승,사,material;textbook
斜,비낄,사,material
削,깎을,삭,material
朔,초하루,삭,material
山,메,산,material;textbook
産(产),낳을,산,material
算,셈,산,material;textbook
散,흩을,산,material;textbook
殺(杀),죽일,살,material
三,석,삼,material;textbook
上,위,상,material;textbook
尙,높을,상,material
常,항상,상,material;textbook
賞(赏),상줄,상,material
償(偿),갚을,상,material
嘗(尝),맛볼,상,material
裳,치마,상,material
商,장사,상,material;textbook
相,서로,상,material;textbook
想,생각,상,material;textbook
霜,서리,상,material;textbook
象,모양,상,material
像,형상,상,material
狀(状),형상,상,material
牀(床),상,상,material
桑,뽕나무,상,material
詳(详),자세할,상,material
祥,상서로울,상,material
傷(伤),다칠,상,material
喪(丧),잃을,상,material
塞,변방,새,material
色,빛,색,material;textbook
索,찾을,색,material
生,날,생,material;textbook
西,서녘,서,material;textbook
序,차례,서,material
書(书),글,서,material;textbook
敍,펼,서,material
徐,천천히,서,material
緖,실마리,서,material
暑,더울,서,material;textbook
署,관청,서,material
恕,용서할,서,material
庶,여러,서,material
逝,갈,서,material
誓,맹세할,서,material
夕,저녁,석,material;textbook
石,돌,석,material;textbook
昔,옛,석,material
惜,아낄,석,material
席,자리,석,material;textbook
析,쪼갤,석,material
釋(释),풀,석,material;textbook
仙,신선,선,material;textbook
先,먼저,선,material;textbook
善,착할,선,material;textbook
宣,베풀,선,material
船,배,선,material;textbook
線(线),줄,선,material
鮮(鲜),고울,선,material
旋,돌,선,material
禪(禅),선,선,material
選(选),가릴,선,material;textbook
舌,혀,설,material
雪,눈,설,material;textbook
說(说),말씀,설,material;textbook
設(设),베풀,설,material
涉,건널,섭,material
攝(摄),이끌,섭,material
成,이룰,성,material;textbook
城,성,성,material
盛,성할,성,material
誠(诚),정성,성,material
姓,성씨,성,material;textbook
性,성품,성,material;textbook
星,별,성,material
省,덜,생,material;textbook
聖(圣),성인,성,material;textbook
聲(声),소리,성,material
世,인간,세,material;textbook
洗,씻을,세,material;textbook
細(细),가늘,세,material;textbook
稅(税),세금,세,material
勢(势),형세,세,material
歲(岁),해,세,material;textbook
小,작을,소,material;textbook
少,적을,소,material
消,사라질,소,material
召,부를,소,material
昭,밝을,소,material
所,바,소,material;textbook
訴(诉),하소연할,소,material
笑,웃음,소,material;textbook
素,흴,소,material;textbook
掃(扫),쓸,소,material
燒(烧),사를,소,material
疏,트일,소,material
蔬,나물,소,material
蘇(苏),깨어날,소,material
騷(骚),떠들,소,material
束,묶을,속,material;textbook
速,빠를,속,material;textbook
續(续),이을,속,material
俗,풍속,속,material;textbook
粟,조,속,material
屬(属),속할,속,material;textbook
孫(孙),손자,손,material
損(损),덜,손,material
松,소나무,송,material
訟(讼),송사할,송,material
頌(颂),기릴,송,material
誦(诵),욀,송,material
送,보낼,송,material
刷,인쇄할,쇄,material
鎖(锁),쇠사슬,쇄,material
衰,쇠할,쇠,material
水,물,수,material;textbook
囚,가둘,수,material
手,손,수,material;textbook
搜,찾을,수,material
受,받을,수,material;textbook
授,줄,수,material;textbook
收,거둘,수,material
數(数),셈,수,material;textbook
修,닦을,수,material;textbook
守,지킬,수,material;textbook
首,머리,수,material;textbook
須(须),모름지기,수,material
垂,드리울,수,material
睡,잠잘,수,material
誰(谁),누구,수,material;textbook
雖(虽),비록,수,material;textbook
壽(寿),목숨,수,material
帥(帅),장수,수,material
殊,다를,수,material
秀,빼어날,수,material;textbook
愁,근심,수,material
樹(树),나무,수,material;textbook
獸(兽),짐승,수,material
輸(输),보낼,수,material
需,쓰일,수,material
遂,이룰,수,material;textbook
隨(随),따를,수,material
叔,아재비,숙,material
淑,맑을,숙,material
宿,잠잘,숙,material
孰,누구,숙,material
熟,익을,숙,material
肅(肃),엄숙할,숙,material
旬,열흘,순,material;textbook
殉,따라죽을,순,material
循,돌,순,material
巡,돌,순,material
順(顺),순할,순,material;textbook
純(纯),순수할,순,material
瞬,눈깜짝일,순,material
脣(唇),입술,순,material
戌,개,술,material
術(术),재주,술,material
述,펼,술,material
崇,높을,숭,material
習(习),익힐,습,material;textbook
拾,주울,습,material
濕(湿),젖을,습,material;textbook
襲(袭),엄습할,습,material
昇(升),오를,승,material
承,이길,승,material
乘,탈,승,material
勝(胜),이길,승,material;textbook
僧,중,승,material
示,보일,시,material;textbook
視(视),볼,시,material
市,저자,시,material;textbook
是,이,시,material;textbook
時(时),때,시,material;textbook
侍,모실,시,material;textbook
詩(诗),시지을,시,material
試(试),시험,시,material
矢,화살,시,material
施,베풀,시,material;textbook
始,처음,시,material;textbook
食,먹을,식,material;textbook
飾(饰),꾸밀,식,material
式,법,식,material
植,심을,식,material;textbook
識(识),알,식,material;textbook
息,쉴,식,material
身,몸,신,material;textbook
臣,신하,신,material
申,펼,신,material;textbook
伸,펼,신,material
神,귀신,신,material;textbook
辛,매울,신,material;textbook
新,새,신,material;textbook
愼,삼갈,신,material
晨,새벽,신,material
信,믿을,신,material;textbook
失,잃을,실,material;textbook
室,집,실,material;textbook
實(实),열매,실,material
心,마음,심,material;textbook
深,깊을,심,material
審(审),찾을,심,material
甚,심할,심,material
尋(寻),찾을,심,material
十,열,십,material;textbook
雙(双),두,쌍,material
氏,성씨,씨,material
兒(儿),아이,아,material
我,나,아,material;textbook
餓(饿),굶주릴,아,material
牙,어금니,아,material
芽,싹,아,material
雅,맑을,아,material
亞(亚),버금,아,material
惡(恶),나쁠,악,material
嶽(岳),큰산,악,material
雁,기러기,안,material
岸,언덕,안,material
安,편안,안,material;textbook
案,책상,안,material
顔(颜),얼굴,안,material
謁(谒),알현할,알,material
眼,눈,안,material;textbook
暗,어두울,암,material
巖(岩),바위,암,material
押,누를,압,material;textbook
壓(压),누를,압,material
央,가운데,앙,material
殃,재앙,앙,material
仰,우러를,앙,material
愛(爱),사랑,애,material;textbook
哀,슬플,애,material
涯,물가,애,material
厄,액,액,material
額(额),이마,액,material
也,어조사,야,material;textbook
耶,어조사,야,material
夜,밤,야,material;textbook
野,들,야,material
弱,약할,약,material;textbook
約(约),맺을,약,material;textbook
若,만약,약,material;textbook
藥(药),약,약,material;textbook
躍(跃),뛸,약,material
羊,양,양,material;textbook
洋,큰바다,양,material;textbook
養(养),기를,양,material;textbook
樣(样),모양,양,material
陽(阳),볕,양,material;textbook
揚(扬),날릴,양,material
楊(杨),버들,양,material
壤,흙덩이,양,material
讓(让),사양할,양,material;textbook
魚(鱼),물고기,어,material
漁(渔),고기잡을,어,material;textbook
語(语),말씀,어,material;textbook
於(于),어조사,어,material;textbook
御,거느릴,어,material
抑,누를,억,material
億(亿),억,억,material
憶(忆),생각,억,material;textbook
言,말씀,언,material;textbook
焉,어조사,언,material
嚴(严),엄할,엄,material
業(业),업,업,material;textbook
餘(余),나,여,material
如,같을,여,material;textbook
汝,너,여,material
予,나,여,material
與(与),줄,여,material;textbook
輿(舆),수레,여,material
亦,또,역,material;textbook
易,바꿀,역,material;textbook
逆,거스를,역,material;textbook
役,부릴,역,material
疫,전염병,역,material
域,지경,역,material
譯(译),번역할,역,material
驛(驿),역,역,material
然,그럴,연,material
燃,탈,연,material
煙(烟),연기,연,material
燕,제비,연,material
宴,잔치,연,material
演,펼,연,material
沿,물따라갈,연,material
鉛(铅),납,연,material
延,늘일,연,material
硏,갈,연,material
軟(软),연할,연,material
緣(缘),인연,연,material
悅(悦),기쁠,열,material
閱(阅),볼,열,material
熱(热),더울,열,material;textbook
炎,불꽃,염,material;textbook
染,물들,염,material
鹽(盐),소금,염,material
葉(叶),잎,엽,material;textbook
永,길,영,material
泳,헤엄칠,영,material
詠(咏),읊을,영,material
英,꽃부리,영,material;textbook
榮(荣),영화로울,영,material
營(营),경영할,영,material;textbook
映,비칠,영,material
影,그림자,영,material;textbook
迎,맞을,영,material
豫,미리,예,material
銳(锐),날카로울,예,material
譽(誉),기릴,예,material
藝(艺),재주,예,material
五,다섯,오,material;textbook
吾,나,오,material;textbook
悟,깨달을,오,material
午,낮,오,material;textbook
汚,더러울,오,material
傲,거만할,오,material
烏(乌),까마귀,오,material
嗚(呜),울,오,material
娛(娱),즐길,오,material
誤(误),그르칠,오,material;textbook
玉,구슬,옥,material;textbook
屋,집,옥,material;textbook
獄(狱),옥,옥,material
溫(温),따뜻할,온,material
翁,늙은이,옹,material
擁(拥),낄,옹,material
瓦,기와,와,material
臥(卧),누울,와,material
完,온전할,완,material
緩(缓),느릴,완,material
曰,가로,왈,material
王,임금,왕,material;textbook
往,갈,왕,material;textbook
外,바깥,외,material;textbook
畏,두려울,외,material
要,구할,요,material
腰,허리,요,material
搖(摇),흔들,요,material
謠(谣),노래,요,material
遙(遥),멀,요,material
浴,목욕할,욕,material
欲,하고자할,욕,material;textbook
慾(欲),욕심,욕,material;textbook
辱,욕될,욕,material
容,얼굴,용,material;textbook
勇,날랠,용,material;textbook
用,쓸,용,material;textbook
庸,떳떳할,용,material
雨,비,우,material;textbook
牛,소,우,material
宇,집,우,material
又,또,우,material;textbook
友,벗,우,material;textbook
右,오른,우,material;textbook
尤,더욱,우,material
偶,짝,우,material
遇,만날,우,material;textbook
愚,어리석을,우,material;textbook
憂(忧),근심,우,material;textbook
優(优),넉넉할,우,material
羽,깃,우,material
郵(邮),우편,우,material
雲(云),이를,운,material;textbook
運(运),옮길,운,material;textbook
韻(韵),운,운,material
雄,수컷,웅,material
元,으뜸,원,material;textbook
院,집,원,material
原,언덕,원,material;textbook
源,근원,원,material
願(愿),원할,원,material;textbook
員(员),인원,원,material;textbook
圓(圆),둥글,원,material
園(园),동산,원,material
遠(远),멀,원,material;textbook
援,도울,원,material
怨,원망할,원,material
月,달,월,material;textbook
越,뛰어넘을,월,material
位,자리,위,material
爲(为),될,위,material
僞(伪),거짓,위,material
偉(伟),클,위,material
衛(卫),지킬,위,material;textbook
圍(围),에워쌀,위,material;textbook
違(违),어길,위,material
緯(纬),세로,위,material
危,위태할,위,material;textbook
委,맡길,위,material
威,위엄,위,material
慰,위로할,위,material
胃,밥통,위,material
謂(谓),말할,위,material
有,있을,유,material;textbook
由,말미암을,유,material;textbook
油,기름,유,material
酉,닭,유,material;textbook
猶(犹),같을,유,material
幼,어릴,유,material
幽,그윽할,유,material
唯,오직,유,material
惟,생각할,유,material
維(维),벼리,유,material
乳,젖,유,material
柔,부드러울,유,material
誘(诱),꾈,유,material
裕,넉넉할,유,material
儒,선비,유,material
愈,나을,유,material
悠,멀,유,material
遊(游),놀,유,material
遺(遗),남길,유,material
肉,고기,육,material;textbook
育,기를,육,material
閏(闰),윤달,윤,material
潤(润),윤택할,윤,material;textbook
恩,은혜,은,material;textbook
銀(银),은,은,material;textbook
隱(隐),숨을,은,material
乙,새,을,material;textbook
音,소리,음,material;textbook
吟,읊을,음,material
陰(阴),그늘,음,material;textbook
飮,마실,음,material
淫,음란할,음,material
泣,울,읍,material
邑,고을,읍,material
應(应),응할,응,material;textbook
凝,엉길,응,material
疑,의심,의,material
衣,옷,의,material;textbook
依,의지할,의,material
矣,어조사,의,material
宜,마땅,의,material
義(义),옳을,의,material;textbook
儀(仪),거동,의,material
議(议),의논할,의,material
意,뜻,의,material;textbook
醫(医),의원,의,material
二,두,이,material;textbook
而,말이을,이,material;textbook
以,써,이,material;textbook
已,뿐,이,material;textbook
耳,귀,이,material;textbook
夷,오랑캐,이,material
異(异),다를,이,material
移,옮길,이,material;textbook
益,더할,익,material
翼,날개,익,material
人,사람,인,material;textbook
仁,어질,인,material;textbook
因,인할,인,material
姻,혼인,인,material
印,도장,인,material;textbook
忍,참을,인,material
認(认),알,인,material
引,끌,인,material;textbook
寅,범,인,material;textbook
一,한,일,material;textbook
日,해,일,material;textbook
逸,편안할,일,material
壬,천간,임,material;textbook
任,맡길,임,material
賃(赁),품삯,임,material
入,들,입,material;textbook
子,아들,자,material;textbook
字,글자,자,material;textbook
者,놈,자,material;textbook
自,스스로,자,material;textbook
姊,누이,자,material;textbook
姿,모양,자,material
恣,방자할,자,material
資(资),재물,자,material
紫,자줏빛,자,material
玆,이,자,material
慈,사랑,자,material
刺,찌를,자,material
作,지을,작,material;textbook
昨,어제,작,material
酌,술부을,작,material
爵,벼슬,작,material
殘(残),남을,잔,material
暫(暂),잠깐,잠,material
潛(潜),잠길,잠,material
雜(杂),섞일,잡,material
長(长),긴,장,material;textbook
帳(帐),장막,장,material
張(张),베풀,장,material
章,글,장,material;textbook
障,막을,장,material
掌,손바닥,장,material
場(场),마당,장,material;textbook
腸(肠),창자,장,material
丈,어른,장,material
壯(壮),장할,장,material
莊(庄),씩씩할,장,material
裝(装),꾸밀,장,material
將(将),장수,장,material
獎(奖),장려할,장,material
粧,단장할,장,material
墻(墙),담,장,material
藏,감출,장,material;textbook
臟(脏),오장,장,material
葬,장사지낼,장,material
才,재주,재,material;textbook
材,재목,재,material
財(财),재물,재,material;textbook
在,있을,재,material;textbook
再,두,재,material;textbook
栽,심을,재,material
裁,옷마를,재,material
載(载),실을,재,material
哉,어조사,재,material
宰,재상,재,material
災(灾),재앙,재,material
爭(争),다툴,쟁,material
低,낮을,저,material;textbook
抵,막을,저,material
底,밑,저,material
貯(贮),쌓을,저,material
著,지을,저,material
赤,붉을,적,material;textbook
跡(迹),발자취,적,material
的,과녁,적,material;textbook
滴,물방울,적,material
摘,딸,적,material
適(适),알맞을,적,material
敵(敌),대적할,적,material;textbook
籍,문서,적,material
積(积),쌓을,적,material
績(绩),길쌈,적,material
賊(贼),도적,적,material
寂,고요할,적,material
田,밭,전,material;textbook
典,법,전,material;textbook
全,온전,전,material;textbook
前,앞,전,material;textbook
展,펼,전,material;textbook
殿,큰집,전,material
專(专),오로지,전,material
傳(传),전할,전,material
轉(转),구를,전,material;textbook
錢(钱),돈,전,material
戰(战),싸움,전,material;textbook
電(电),번개,전,material;textbook
切,끊을,절,material
絶(绝),끊을,절,material
折,꺾을,절,material
節(节),마디,절,material;textbook
竊(窃),훔칠,절,material
佔(占),점칠,점,material
店,가게,점,material;textbook
點(点),점,점,material;textbook
漸(渐),점점,점,material
接,이을,접,material
蝶,나비,접,material
丁,장정,정,material;textbook
亭,정자,정,material
停,머무를,정,material
訂(订),바로잡을,정,material
頂(顶),정수리,정,material
貞(贞),곧을,정,material
井,우물,정,material;textbook
定,정할,정,material;textbook
正,바를,정,material;textbook
政,정사,정,material
徵(征),칠,정,material
整,가지런할,정,material
程,길,정,material
廷,조정,정,material
庭,뜰,정,material
淨(净),깨끗할,정,material;textbook
情,뜻,정,material;textbook
靜(静),고요할,정,material;textbook
精,정밀할,정,material;textbook
弟,아우,제,material;textbook
第,차례,제,material;textbook
題(题),제목,제,material
提,끌,제,material
堤,둑,제,material
祭,제사,제,material
際(际),가,제,material
除,덜,제,material
帝,임금,제,material
制,만들,제,material
製(制),지을,제,material
諸(诸),여러,제,material;textbook
齊(齐),가지런할,제,material;textbook
濟(济),건널,제,material
鳥(鸟),새,조,material
早,일찍,조,material;textbook
朝,아침,조,material;textbook
潮,조수,조,material
燥,마를,조,material
照,비칠,조,material
祖,할아비,조,material;textbook
組(组),짤,조,material
租,조세,조,material
助,도울,조,material
造,지을,조,material
操,잡을,조,material
條(条),가지,조,material;textbook
調(调),고를,조,material
弔(吊),조상할,조,material
兆,억조,조,material
足,발,족,material;textbook
族,겨레,족,material;textbook
存,있을,존,material;textbook
尊,높을,존,material
卒,병사,졸,material
拙,못날,졸,material
種(种),씨,종,material
鍾(钟),쇠북,종,material
宗,마루,종,material
終(终),끝,종,material
從(从),좇을,종,material;textbook
縱(纵),세로,종,material
左,왼,좌,material;textbook
佐,도울,좌,material
坐,앉을,좌,material;textbook
座,자리,좌,material;textbook
罪,허물,죄,material;textbook
主,주인,주,material
住,살,주,material;textbook
注,부을,주,material;textbook
柱,기둥,주,material
朱,붉을,주,material
株,그루,주,material;textbook
珠,구슬,주,material
走,달릴,주,material;textbook
宙,집,주,material
晝(昼),낮,주,material
奏,아뢸,주,material
周,두루,주,material
舟,배,주,material
州,고을,주,material;textbook
洲,물가,주,material
酒,술,주,material;textbook
鑄(铸),쇠불릴,주,material
竹,대나무,죽,material;textbook
俊,준걸,준,material
準(准),기준,준,material;textbook
遵,좇을,준,material
中,가운데,중,material;textbook
仲,버금,중,material
重,무거울,중,material
衆(众),무리,중,material
卽(即),곧,즉,material
曾,일찍,증,material
增,더할,증,material
憎,미워할,증,material
贈(赠),줄,증,material
證(证),증거,증,material;textbook
蒸,찔,증,material
症,증세,증,material
之,어조사,지,material;textbook
止,그칠,지,material;textbook
地,땅,지,material;textbook
池,못,지,material
知,알,지,material;textbook
智,지혜,지,material
志,뜻,지,material;textbook
誌(志),기록할,지,material
只,다만,지,material;textbook
支,지탱할,지,material;textbook
枝,가지,지,material
至,이를,지,material;textbook
紙(纸),종이,지,material
持,가질,지,material;textbook
指,가리킬,지,material
遲(迟),더딜,지,material;textbook
織(织),짤,직,material
職(职),직분,직,material
直,곧을,직,material;textbook
辰,별,진,material;textbook
振,떨칠,진,material
震,우레,진,material
盡(尽),다할,진,material;textbook
眞(真),참,진,material
鎭(镇),진압할,진,material
進(进),나아갈,진,material;textbook
陣(阵),진칠,진,material
陳(陈),베풀,진,material
珍,보배,진,material
質(质),바탕,질,material;textbook
疾,병,질,material
秩,차례,질,material
姪,조카,질,material
集,모을,집,material;textbook
執(执),잡을,집,material;textbook
懲(惩),징계할,징,material
且,또,차,material;textbook
此,이,차,material;textbook
次,버금,차,material;textbook
借,빌릴,차,material;textbook
差,다를,차,material
着,붙을,착,material;textbook
錯(错),섞일,착,material
捉,잡을,착,material
贊(赞),도울,찬,material
讚(赞),기릴,찬,material
察,살필,찰,material;textbook
參(参),석,삼,material;textbook
慘(惨),참혹할,참,material
慙,부끄러울,참,material
昌,창성할,창,material;textbook
唱,부를,창,material
暢(畅),화창할,창,material
倉(仓),곳집,창,material
創(创),비롯할,창,material
蒼(苍),푸를,창,material
窓,창문,창,material
採(采),캘,채,material
菜,나물,채,material
彩,채색,채,material
債(债),빚,채,material
冊(册),책,책,material;textbook
策,꾀,책,material
責(责),맡을,책,material;textbook
妻,아내,처,material
處(处),곳,처,material;textbook
尺,자,척,material;textbook
斥,물리칠,척,material
拓,넓힐,척,material;textbook
戚,친척,척,material
天,하늘,천,material;textbook
川,내,천,material;textbook
千,일천,천,material;textbook
泉,샘,천,material;textbook
淺(浅),얕을,천,material;textbook
賤(贱),천할,천,material
踐(践),밟을,천,material
薦(荐),천거할,천,material
遷(迁),옮길,천,material
哲,밝을,철,material
徹(彻),통할,철,material
鐵(铁),쇠,철,material
尖,뾰족할,첨,material
添,더할,첨,material
妾,아내,첩,material
靑,푸를,청,material
淸,맑을,청,material
晴,갤,청,material;textbook
請(请),청할,청,material;textbook
聽(听),들을,청,material;textbook
廳(厅),관청,청,material
替,바꿀,체,material
體(体),몸,체,material;textbook
滯(滞),막힐,체,material
逮,잡을,체,material
遞(递),갈릴,체,material
草,풀,초,material;textbook
初,처음,초,material
招,부를,초,material
超,뛰어넘을,초,material
肖,닮을,초,material
抄,뽑을,초,material
秒,분초,초,material
礎(础),주춧돌,초,material
促,재촉할,촉,material
燭(烛),촛불,촉,material
觸(触),닿을,촉,material
寸,마디,촌,material
村,마을,촌,material;textbook
銃(铳),총,총,material
總(总),다,총,material
聰(聪),귀밝을,총,material
最,가장,최,material;textbook
催,재촉할,최,material
秋,가을,추,material;textbook
抽,뽑을,추,material;textbook
推,밀,추,material;textbook
追,쫓을,추,material
醜(丑),추할,추,material;textbook
逐,쫓을,축,material
祝,빌,축,material
縮(缩),줄일,축,material
畜,가축,축,material
蓄,모을,축,material
築(筑),쌓을,축,material
春,봄,춘,material;textbook
出,날,출,material;textbook
充,채울,충,material
忠,충성,충,material
蟲(虫),벌레,충,material
衝(冲),찌를,충,material;textbook
取,가질,취,material
趣,뜻,취,material
吹,불,취,material;textbook
臭,냄새,취,material
就,나아갈,취,material
醉,취할,취,material
側(侧),곁,측,material
測(测),헤아릴,측,material
層(层),층,층,material;textbook
治,다스릴,치,material
値,값,치,material
置,둘,치,material
恥(耻),부끄러울,치,material
致,이를,치,material
齒(齿),이,치,material
則(则),곧,즉,material;textbook
親(亲),친할,친,material;textbook
七,일곱,칠,material;textbook
漆,옻,칠,material
針(针),바늘,침,material
沈,잠길,침,material;textbook
枕,베개,침,material
浸,잠길,침,material
侵,침노할,침,material
寢(寝),잠잘,침,material
稱(称),일컬을,칭,material
快,쾌할,쾌,material
他,다를,타,material;textbook
打,칠,타,material
妥,온당할,타,material
墮(堕),떨어질,타,material
卓,높을,탁,material
託(托),맡길,탁,material
濁(浊),흐릴,탁,material
濯,씻을,탁,material
炭,숯,탄,material
彈(弹),탄알,탄,material
歎(叹),탄식할,탄,material
誕(诞),거짓,탄,material
脫(脱),벗을,탈,material
奪(夺),빼앗을,탈,material
探,찾을,탐,material
貪(贪),탐할,탐,material
塔,탑,탑,material
湯(汤),끓을,탕,material
太,클,태,material;textbook
泰,클,태,material
殆,거의,태,material
怠,게으를,태,material
態(态),모습,태,material
宅,집,택,material
擇(择),가릴,택,material
澤(泽),못,택,material
土,흙,토,material
吐,토할,토,material;textbook
討(讨),칠,토,material
通,통할,통,material;textbook
痛,아플,통,material
統(统),거느릴,통,material
退,물러날,퇴,material
投,던질,투,material;textbook
透,사무칠,투,material
鬪,싸움,투,material
特,특별할,특,material;textbook
罷(罢),마칠,파,material
波,물결,파,material
破,깨뜨릴,파,material
頗(颇),자못,파,material
派,갈래,파,material
播,뿌릴,파,material
把,잡을,파,material
板,널,판,material
版,판목,판,material
販(贩),팔,판,material
判,판단할,판,material;textbook
八,여덟,팔,material;textbook
貝(贝),조개,패,material
敗(败),패할,패,material;textbook
片,조각,편,material;textbook
便,편할,편,material
篇,책,편,material;textbook
編(编),엮을,편,material
遍,두루,편,material
偏,치우칠,편,material
平,평평할,평,material
評(评),평할,평,material
閉(闭),닫을,폐,material
廢(废),폐할,폐,material
肺,허파,폐,material
弊,해질,폐,material
幣(币),화폐,폐,material
蔽,덮을,폐,material
布,베,포,material
浦,개,포,material
捕,잡을,포,material
包,쌀,포,material;textbook
抱,안을,포,material
胞,세포,포,material
飽(饱),배부를,포,material
幅,폭,폭,material
暴,사나울,폭,material
爆,불터질,폭,material
表,겉,표,material;textbook
票,표할,표,material
標(标),표,표,material
漂,떠다닐,표,material
品,물건,품,material;textbook
風(风),바람,풍,material;textbook
豊,풍년,풍,material
皮,가죽,피,material;textbook
彼,저,피,material
疲,피곤할,피,material
被,입을,피,material
避,피할,피,material
必,반드시,필,material;textbook
匹,짝,필,material
筆(笔),붓,필,material
畢(毕),마칠,필,material
下,아래,하,material;textbook
夏,여름,하,material;textbook
賀(贺),하례할,하,material
河,물,하,material;textbook
何,어찌,하,material;textbook
荷,멜,하,material
學(学),배울,학,material;textbook
鶴(鹤),학,학,material
旱,가물,한,material;textbook
汗,땀,한,material
漢(汉),한수,한,material
韓(韩),나라,한,material;textbook
恨,한,한,material
限,한할,한,material
閑(闲),한가할,한,material
寒,찰,한,material;textbook
割,벨,할,material
鹹(咸),다,함,material
陷,빠질,함,material
含,머금을,함,material
合,합할,합,material;textbook
恆(恒),항상,항,material;textbook
項(项),항목,항,material;textbook
抗,겨룰,항,material
航,배,항,material
巷,마을,항,material
港,항구,항,material
海,바다,해,material;textbook
害,해로울,해,material
解,풀,해,material;textbook
奚,어찌,해,material
亥,돼지,해,material;textbook
該(该),갖출,해,material
核,씨,핵,material
行,다닐,행,material;textbook
幸,다행,행,material;textbook
向,향할,향,material;textbook
享,누릴,향,material
香,향기,향,material;textbook
鄕,시골,향,material
響(响),울릴,향,material
許(许),허락할,허,material;textbook
虛(虚),빌,허,material
軒(轩),집,헌,material;textbook
憲(宪),법,헌,material
獻(献),드릴,헌,material
險(险),험할,험,material
驗(验),시험,험,material
革,가죽,혁,material;textbook
現(现),나타날,현,material;textbook
玄,검을,현,material
絃(弦),줄,현,material
賢(贤),어질,현,material;textbook
縣(县),고을,현,material;textbook
懸(悬),매달,현,material
顯(显),드러낼,현,material
穴,동굴,혈,material
血,피,혈,material
嫌,싫어할,혐,material
協(协),도울,협,material;textbook
脅(胁),위협할,협,material
兄,형,형,material;textbook
亨,형통할,형,material
形,모양,형,material
刑,형벌,형,material;textbook
螢(萤),반딧불,형,material;textbook
衡,저울대,형,material
惠,은혜,혜,material
慧,지혜,혜,material
兮,어조사,혜,material
乎,어조사,호,material
呼,부를,호,material
好,좋을,호,material;textbook
胡,되,호,material;textbook
湖,호수,호,material;textbook
浩,넓을,호,material
戶(户),집,호,material;textbook
虎,범,호,material;textbook
號(号),이름,호,material;textbook
豪,호걸,호,material
毫,터럭,호,material
護(护),도울,호,material;textbook
互,서로,호,material
或,혹,혹,material
惑,미혹될,혹,material
昏,저물,혼,material
婚,혼인할,혼,material
混,섞일,혼,material;textbook
魂,넋,혼,material
忽,갑자기,홀,material
洪,넓을,홍,material
鴻(鸿),큰기러기,홍,material
弘,넓을,홍,material
紅(红),붉을,홍,material
火,불,화,material;textbook
禾,벼,화,material
和,화할,화,material;textbook
化,될,화,material;textbook
花,꽃,화,material
貨(货),재물,화,material
話(话),말씀,화,material;textbook
畫(画),그림,화,material;textbook
華(华),빛날,화,material
禍(祸),재앙,화,material
確(确),굳을,확,material
擴(扩),넓힐,확,material
穫(获),거둘,확,material
患,근심,환,material;textbook
丸,둥글,환,material;textbook
歡(欢),기쁠,환,material
換(换),바꿀,환,material
環(环),고리,환,material
還(还),돌아올,환,material;textbook
活,살,활,material;textbook
黃(黄),누를,황,material;textbook
皇,임금,황,material
荒,거칠,황,material
況(况),상황,황,material
回,돌,회,material;textbook
會(会),모일,회,material;textbook
悔,뉘우칠,회,material
懷(怀),품을,회,material
獲(获),얻을,획,material;textbook
劃(划),그을,획,material;textbook
橫(横),가로,횡,material
孝,효도,효,material;textbook
效,본받을,효,material;textbook
曉(晓),새벽,효,material
後(后),뒤,후,material;textbook
厚,두터울,후,material
侯,제후,후,material
候,기후,후,material
訓(训),가르칠,훈,material;textbook
毀(毁),헐,훼,material
揮(挥),휘두를,휘,material
輝(辉),빛날,휘,material
休,쉴,휴,material;textbook
攜(携),이끌,휴,material
兇(凶),흉할,흉,material
胸,가슴,흉,material
黑,검을,흑,material;textbook
吸,마실,흡,material
興(兴),일,흥,material;textbook
喜,기쁠,희,material
希,바랄,희,material;textbook
稀,드물,희,material
戱(戯),놀이,희,material
殖,번식할; 늘릴; 번성할,식,textbook
怕,두려워할,파,textbook
填,메울; 채울,전,textbook
串,꿸; 엮을; 공모할,곶 관,textbook
蝨(虱),이(벌레),슬,textbook
站,설; 정거장,참,textbook
這(这),이; 이것; 여기,저,textbook
為(为),할; 행할,위,textbook
廠(厂),공장,창,textbook
仿,본뜰; 모방할,방,textbook
悶(闷),답답할; 우울할,민,textbook
軸(轴),축,축,textbook
団,둥글; 단(덩이),단,textbook
教,가르칠,교,textbook
狸,너구리,리,textbook
盒,상자; 합,합,textbook
沁,스며들,심,textbook
型,본; 거푸집; 형,형,textbook
呈,드릴; 나타낼,정,textbook
戦,싸움; 전쟁,전,textbook
蟬(蝉),매미,선,textbook
噁(恶),미울; 역겨울,오,textbook
帖,문서; 게시; 초대장,첩,textbook
芝,지초; 영지(버섯),지,textbook
楚,또렷할; 초나라,초,textbook
呂(吕),성; 율(음률),려 여,textbook
媽(妈),어머니,마,textbook
轎(轿),가마,교,textbook
噴(喷),뿜을,분,textbook
婁(娄),성; 자주,루,textbook
匠,장인,장,textbook
旨,뜻; 취지,지,textbook
尼,비구니; 여승,니,textbook
呷,마실; 들이킬,합,textbook
鼎,솥; 정(솥),정,textbook
喇,나팔; 라마,나 라,textbook
芭,파초(바나나과),파,textbook
徳,덕,덕,textbook
清,맑을; 깨끗할,청,textbook
酸,실; 신맛; 산,산,textbook
郎,사내; 낭군,랑,textbook
劑(剂),약제,제,textbook
旭,아침 해; 욱(햇빛),욱,textbook
漳,강 이름(장수),장,textbook
勻(匀),고를; 균등할,균,textbook
鋪(铺),펼; 깔; 가게,포,textbook
藹(蔼),화애할; 온화할,애,textbook
蔻,육두구; 두구,구,textbook
寛,너그러울,관,textbook
豐(丰),풍성할,풍,textbook
估,헤아릴; 추정할,고,textbook
夭,일찍 죽을; 요절,요,textbook
飼(饲),기를; 먹일,사,textbook
竈(灶),부엌 아궁이; 화덕,조,textbook
轅(辕),끌채; 수레채,원,textbook
蠅(蝇),파리,승,textbook
產(产),낳을; 생산할,산,textbook
噂,소문,준,textbook
坎,구덩이; 재난,감,textbook
晚,저녁; 늦을,만,textbook
刁,교활할,조,textbook
欠,모자랄; 빚질,흠,textbook
青,푸를; 젊을,청,textbook
珊,산호,산,textbook
爾(尔),너; 그대,이,textbook
悪,악할,악,textbook
唔,깨물; 입에 머금을,오,textbook
窒,막힐,질,textbook
真,참; 진실,진,textbook
処,곳; 처리할,처,textbook
栄,영화; 번성할,영,textbook
踢,찰,척,textbook
們(们),들(복수 대명사),문,textbook
芍,작약,작,textbook
萊(莱),명아주; 묵은밭,래,textbook
芋,토란,우,textbook
証(证),증명할,정,textbook
笛,피리,적,textbook
価,값; 가치,가,textbook
葳,무성할,위,textbook
吻,입술; 입맞춤,문,textbook
荀,성; 식물 이름,순,textbook
